{"cameraMode":{"drawMode":0,"name":"Shaded","section":"Shading Mode"},"sceneLighting":true,"audioPlay":false,"sceneViewState":{"showFog":true,"showMaterialUpdate":false,"showSkybox":true,"showFlares":true,"showImageEffects":true,"showParticleSystems":true},"in2DMode":false,"pivot":{"x":-4.672649383544922,"y":0.3765854239463806,"z":-12.985396385192871},"rotation":{"x":-0.1720810830593109,"y":0.24879306554794312,"z":-0.044967565685510638,"w":-0.9520919322967529},"size":2.2777695655822756,"orthographic":false}